{
  "id" : "bf657945-8231-41ab-8e94-7c835e8bb9e9",
  "center" : {
    "x" : 25.0,
    "y" : -25.0,
    "z" : 0.0
  },
  "size" : {
    "x" : 50.0,
    "y" : 50.0,
    "z" : 0.0
  },
  "elements" : [ {
    "name" : "Coin",
    "id" : "c7c2a796-d532-4ed2-bf7d-dc92d6c62dcf",
    "position" : {
      "x" : 33.290376441193374,
      "y" : -23.513614581325193,
      "z" : 0.0
    },
    "rotation" : {
      "x" : 0.1534232933472921,
      "y" : -0.7378637737857485,
      "z" : -0.9159069455825346,
      "w" : 0.6485878442398452
    }
  }, {
    "name" : "Coin",
    "id" : "06055f32-2f35-4bfb-81df-8ba3e0180e9b",
    "position" : {
      "x" : 18.28426919725743,
      "y" : -1.2862845464148194,
      "z" : 0.0
    },
    "rotation" : {
      "x" : -0.8559254823270381,
      "y" : 0.9440319145180718,
      "z" : 0.32311116408536766,
      "w" : 0.7705681136176736
    }
  }, {
    "name" : "Coin",
    "id" : "e9082bcd-1374-44ad-b8eb-4db83e47fba7",
    "position" : {
      "x" : 39.12893764628846,
      "y" : -34.38471030852311,
      "z" : 0.0
    },
    "rotation" : {
      "x" : 0.4923939202819769,
      "y" : 0.08956756282189127,
      "z" : 0.48723537012569307,
      "w" : 0.7588036048057094
    }
  }, {
    "name" : "Coin",
    "id" : "4fa7a356-e7cb-476b-97e8-01c0660aa501",
    "position" : {
      "x" : 47.998435749258476,
      "y" : -12.970135584494948,
      "z" : 0.0
    },
    "rotation" : {
      "x" : 0.7435874424244895,
      "y" : -0.8964950438967789,
      "z" : 0.45238521081278726,
      "w" : 0.14017761052773503
    }
  } ],
  "childChunksIds" : [ ]
}